"Time [h]","Avg [mg/l]"
1,1.257703
2,0.4850483
5,0.1966846
8,0.1530656
12,0.09040707
24,0.05475409
48,0.03759042
72,0.01643352
