"Time [h]","Avg [mg/l]"
1,0.7909083
2,0.4225653
5,0.2016786
8,0.1350303
12,0.1037752
24,0.05207604
48,0.01886347
72,0.008562665
