"Time [h]","Avg [mg/l]"
1,0.7713241
2,0.3372021
5,0.1236854
8,0.08177964
12,0.05903158
24,0.03903113
48,0.02220251
72,0.01311375
96,0.007094785
120,0.003605192
