"Time [h]","Avg [mg/l]"
1,1.166568
2,0.2174341
5,0.06285035
8,0.05544485
12,0.0730539
24,0.01378813
48,0.006747776
