"Time [h]","Avg [mg/l]"
336,0.9156626
336.5,1.120482
337,1.602409
338,1.921687
339,1.83735
340,1.596386
341,1.560241
342,1.433735
344,1.295181
348,1.066265
360,0.9156626
