"Time [h]","Avg [mg/l]"
336,1.783133
336.5,1.807229
337,1.861446
338,1.939759
339,1.957831
340,2.012048
341,1.96988
342,1.933735
344,1.939759
348,1.861446
360,1.801205
