"Time [h]","Avg [mg/l]"
336,1.572289
336.5,1.536145
337,1.536145
338,1.614458
339,1.668675
340,1.753012
341,1.73494
342,1.692771
344,1.668675
348,1.614458
360,1.53012
