"Time [h]","Avg [mg/l]"
0.5,0.09951808
1,0.3812048
2,0.533012
3,0.4790362
4,0.413253
5,0.3120482
6,0.2563855
8,0.2024096
12,0.1214458
24,0.06915662
