"Time [h]","Avg [mg/l]","Var [mg/l]"
0.5,0.0126,0.0216
1,0.0526,0.0614
2,0.0883,0.0595
3,0.0946,0.0522
4,0.08059999,0.0382
6,0.06940001,0.0312
8,0.0491,0.0194
12,0.0298,0.0126
16,0.0243,0.0113
24,0.015,0.0088
48,0.0066,0.0028
