"Time [h]","Avg [mg/l]"
216.5,0.1066667
217,0.19
217.5,0.3
218,0.45
219,0.5733333
220,0.5133333
222,0.47
224,0.39
228,0.32
240,0.2
