"Time [h]","Avg [mg/l]"
216.5,0.47
217,0.47
217.5,0.56
218,0.71
219,0.7766667
220,0.9366667
222,0.8366667
224,0.7266667
228,0.6733333
240,0.5133333
