"Time [h]","Avg [mg/l]"
168,0.7002259
176,0.6275077
192,0.4159562
216,0.2275846
240,0.09466524
312,0.03162277
