"Time [h]","Avg [mg/l]"
168,1.310626
176,1.118693
192,1.033539
216,0.905775
240,0.7142797
312,0.2357724
