"Time [h]","Avg [mg/l]"
168,2.09618
176,2.09618
192,2.0395
216,1.683413
240,1.211528
312,0.4159562
