"Time [h]","Avg [mg/l]"
168,3.076772
176,3.076772
192,2.833878
216,2.833878
240,2.610158
312,1.778279
