"Time [h]","Avg [mg/l]"
168,1.57655
176,1.535489
192,1.38166
216,1.38166
240,1.310626
312,0.9548668
