"Time [h]","Avg [mg/l]"
168,0.3322692
176,0.248551
192,0.1810839
216,0.1466186
240,0.08648939
312,0.02192675
