"Time [h]","Avg [µmol/l]"
0.5,0.01347555
1,0.03246691
2,0.03127944
3,0.02374173
4,0.02015171
6,0.01697754
8,0.01260141
12,0.008681593
24,0.002990854
