"Time [h]","Avg [µmol/l]"
144,0.3378022
144.5,0.385467
145,0.5561897
146,0.5985081
147,0.5812075
148,0.4664336
150,0.548092
152,0.4271429
156,0.4596427
168,0.3529967
