"Time [h]","Avg [µmol/l]"
0.5,0.0002877687
1,0.005926704
2,0.01164842
3,0.01265856
4,0.0123981
6,0.01361404
8,0.01265856
12,0.01094407
24,0.004666334
