"Time [h]","Avg [µmol/l]"
0.5,0.1068
1,0.3268028
2,0.2595887
3,0.1459774
4,0.09836875
6,0.08345043
8,0.07686246
12,0.04849693
24,0.03490255
