"Time [h]","Avg [mg/l]"
1,0.3229167
12,0.3541667
24,0.6145833
36,0.7118056
48,1.083333
72,1.385417
96,1.579861
120,1.652778
144,1.576389
168,1.756944
